"Locus","GWS in PGC2?","Chromosome","Start (BP)","End (BP)","Index SNP (dbSNP b141)","A1","A2","OR","SE","P","value","Number of SNPs","Length (KB)","Gene(s) tagged"
1,"Yes",6,24988105,33842877,"rs3130820","T","A",1.2806,0.017695,"2.12E",44,12997,8854.772,"xMHC"
2,"Yes",12,2321868,2523772,"rs2007044","A","G",0.91513,0.0096913,"5.63E",20,80,201.904,"CACNA1C, CACNA1C-AS4, CACNA1C-IT3"
3,"Yes",7,1877502,2190100,"rs10650434","A","ACT",0.918145,0.0097,"1.1E",18,216,312.598,"MAD1L1, MIR4655"
4,"Yes",1,98341152,98559093,"rs2660304","G","T",0.89739,0.012376,"2.18E",18,189,217.941,"DPYD, MIR137, MIR137HG, MIR2682"
5,"Yes",10,104570118,105059896,"rs12416331","T","A",1.1566,0.016888,"7.09E",18,386,489.778,"AS3MT, C10orf32, C10orf32-ASMT, CNNM2, CYP17A1, INA, NT5C2, PCGF6, RPEL1, WBP1L"
6,"Yes",8,143276678,143358316,"rs58033671","A","ACCCCTGCACGCCCG",1.0873,0.0097,"8.65E",18,33,81.638,"LINC00051, MIR4472-1, TSNARE1"
7,"Yes",2,200547937,201309547,"rs2949006","T","G",1.1053,0.011892,"3.69E",17,194,761.61,"C2orf47, C2orf69, FTCDNL1, TYW5, SPATS2L"
8,"Yes",20,37361504,37485986,"rs6065094","A","G",0.91843,0.010211,"7.91E",17,53,124.482,"ACTR5, PPP1R16B, SLC32A1"
9,"Yes",4,103001649,103198082,"rs13107325","C","T",0.85248,0.019267,"1.19E",16,7,196.433,"BANK1, SLC39A8"
10,"Yes",2,233559312,233790649,"rs4144797","T","C",1.0852,0.010059,"4.33E",16,64,231.337,"C2orf82, EFHD1, GIGYF2, KCNJ13, NGEF"
11,"Yes",12,123447928,123902361,"rs2851447","G","C",1.0911,0.010765,"5.55E",16,361,454.433,"ABCB9, ARL6IP4, C12orf65, CDK2AP1, LOC100507091, MIR4304, MIR8072, MPHOSPH9, OGFOD2, PITPNM2, RILPL2, SBNO1, SETD8"
12,"Yes",11,124610011,124620147,"rs12293670","A","G",1.0841,0.010137,"1.7E",15,11,10.136,"ESAM, MSANTD2, NRGN, VSIG2"
13,"Yes",1,73736562,73991651,"rs12129573","C","A",0.9264,0.0098601,"8.94E",15,204,255.089,"LOC101927295"
14,"Yes",22,42315790,42689370,"rs6002655","C","T",0.92769,0.0098227,2.15E-14,119,373.58,"CENPM, LINC00634, MIR33A, SEPT3, SHISA8, SREBF2, TNFRSF13C, CYP2D6, CYP2D7P, FAM109B, LOC388906, LOC101929829, NAGA, NDUFA6, NDUFA6-AS1, SEPT3, SMDT1, TCF20, WBP2NL",
15,"Yes",12,110723245,110723245,"rs4766428","C","T",0.92666,0.010005,2.68E-14,2,0,"ATP2A2",
16,"Yes",14,104188920,104537680,"rs10083370","G","A",1.078,0.0099099,3.44E-14,188,348.76,"LINC00637, PPP1R13B, XRCC3, ZFYVE21, ASPG, C14orf2, RD3L, TDRD9",
17,"Yes",7,86403263,86948073,"rs12704290","G","A",1.1207,0.015044,3.57E-14,214,544.81,"DMTF1, KIAA1324L, TMEM243, TP53TG1, GRM3",
18,"Yes",5,60563907,60843706,"rs7701440","T","C",0.93016,0.0095633,3.72E-14,41,279.799,"ZSWIM6",
19,"Yes",18,52747689,53804156,"rs5825114","G","GA",0.929694,0.0097,5.03E-14,164,602.184,"TCF4, LOC101927273, LOC100505474",
20,"Yes",11,133822133,133853008,"rs4936215","A","G",1.0956,0.012135,5.32E-14,36,30.875,"IGSF9B",
21,"Yes",11,46342942,46751495,"rs7951870","T","C",0.9109,0.012793,2.99E-13,133,408.553,"AMBRA1, ARHGAP1, ATG13, CHRM4, CKAP5, CREB3L1, DGKZ, F2, HARBI1, MDK, MIR3160-1, MIR3160-2, MIR4688, ZNF408",
22,"Yes",2,198146381,198940251,"rs6434928","G","A",1.0757,0.010044,3.62E-13,376,793.87,"ANKRD44, ANKRD44-IT1, BOLL, COQ10B, HSPD1, HSPE1, HSPE1-MOB4, MARS2, MOB4, PLCL1, RFTN2, SF3B1",
23,"Yes",10,18538669,18751891,"rs7893279","T","G",1.1177,0.015387,4.8E-13,70,213.222,"CACNB2",
24,"Yes",16,29924422,30117253,"rs11646127","G","C",1.0733,0.0098036,5.52E-13,108,192.831,"ALDOA, ASPHD1, C16orf92, DOC2A, FAM57B, GDPD3, HIRIP3, INO80E, KCTD13, MAPK3, PPP4C, SEZ6L2, TAOK2, TBX6, TMEM219, YPEL3",
25,"Yes",22,41408754,41684093,"rs9607782","T","A",0.92208,0.01125,5.54E-13,104,275.339,"CHADL, EP300, EP300-AS1, L3MBTL2, MIR1281, MIR6889, RANGAP1, ZC3H7B",
26,"Yes",6,84264202,84409255,"rs217287","C","T",1.0715,0.009675,9.53E-13,59,145.053,"SNAP91",
27,"Yes","X",68377126,68377205,"rs62606711","A","G",1.07476,0.0101978,1.264E-12,4,0.079,"PJA1",
28,"Yes",22,39840130,40091818,"rs5757730","A","G",0.93125,0.010101,1.76E-12,49,251.688,"LOC100506472, MGAT3, TAB1, CACNA1I, RPS19BP1",
29,"Yes",2,57950104,58484172,"rs7596038","C","T",1.0695,0.0095823,2.37E-12,144,534.068,"FANCL, VRK2",
30,"Yes",3,2435850,2540632,"rs35346733","C","T",1.0752,0.010352,2.42E-12,22,104.782,"CNTN4",
31,"Yes",11,113317745,113451229,"rs2514218","G","A",0.91673,0.012407,2.42E-12,58,133.484,"DRD2, MIR4301",
32,"Yes",15,91416550,91429042,"rs17514846","A","C",0.9335,0.0098306,2.55E-12,11,12.492,"FES, FURIN, MAN2A2",
33,"No",3,52965713,53175017,"rs1080500","G","A",1.075,0.01034,2.71E-12,28,209.304,"RFT1, SFMBT1",
34,"Yes",15,78802586,78926726,"rs3743078","C","G",0.92481,0.01121,3.11E-12,71,124.14,"CHRNA3, CHRNA5, CHRNB4, HYKK, IREB2, PSMA4",
35,"Yes",3,180571624,181207851,"rs34796896","G","A",1.0868,0.01195,3.19E-12,294,636.227,"DNAJC19, FXR1, LOC101928882, SOX2-OT",
36,"Yes",3,135807609,136615268,"rs7432375","G","A",0.92281,0.011584,4.07E-12,120,807.659,"MSL2, NCK1, NCK1-AS1, PCCB, PPP2R3A, SLC35G2, STAG1",
37,"Yes",8,111460027,111630275,"rs36043959","G","A",1.0702,0.0097843,4.07E-12,59,170.248,"KCNV1",
38,"Yes",2,199908378,200244409,"rs1451488","A","G",0.93506,0.0097121,4.75E-12,155,336.031,"SATB2",
39,"Yes",1,30428943,30459412,"rs6694545","A","G",1.0798,0.011172,6.2E-12,46,30.469,"LOC101929406",
40,"Yes",19,19358332,19657632,"rs2905432","G","A",1.071,0.0099892,6.62E-12,155,299.3,"CILP2, GATAD2A, HAPLN4, MAU2, NCAN, NDUFA13, PBX4, SUGP1, TM6SF2, TSSK6, YJEFN3",
41,"Yes",1,2372397,2402499,"rs4648845","C","T",0.92646,0.01113,6.74E-12,27,30.102,"PLCH2",
42,"Yes",8,27327841,27453762,"rs11783093","C","T",1.0976,0.013607,7.64E-12,26,125.921,"CHRNA2, PTK2B, CLU, EPHX2, MIR6843",
43,"Yes",5,151924995,152847217,"rs111294930","A","G",1.0858,0.012069,9.04E-12,467,922.222,"LOC101927134",
44,"Yes",4,176717618,176904037,"rs62334820","C","T",0.92209,0.011906,9.6E-12,51,186.419,"GPM6A",
45,"Yes",2,146416874,146441828,"rs56807175","T","TC",0.916127,0.0129,1.36E-11,29,24.954,"U80770",
46,"Yes",1,44029353,44137257,"rs2970610","T","C",1.0702,0.010045,1.39E-11,73,107.904,"KDM4A, PTPRF",
47,"Yes",5,88580998,88748452,"rs16867576","A","G",1.1063,0.014996,1.65E-11,13,167.454,"AL050132",
48,"Yes",11,130794253,130894131,"rs35774874","T","C",1.0714,0.010276,1.97E-11,95,99.878,"SNX19",
49,"Yes",12,57483524,57682956,"rs61937595","C","T",1.1331,0.018836,3.28E-11,7,199.432,"NAB2, STAT6, TMEM194A, LRP1, NDUFA4L2, NXPH4, R3HDM2, SHMT2, STAC3",
50,"Yes",8,60475926,60954059,"rs1473594","T","C",1.0661,0.0096561,3.33E-11,264,478.133,"CA8",
51,"Yes",19,50106208,50182697,"rs7508148","T","C",1.0802,0.011683,4.06E-11,29,76.489,"ADM5, BCL2L12, CPT1C, IRF3, MIR5088, PRMT1, PRR12, PRRG2, RRAS, SCAF1",
52,"Yes",7,110850439,111180544,"rs12705761","G","C",1.0677,0.0099709,5.11E-11,81,330.105,"IMMP2L",
53,"Yes",5,44960923,45285752,"rs16902086","A","G",0.93616,0.010063,5.55E-11,9,324.829,"HCN1",
54,"Yes",7,104597669,105063372,"rs7789569","T","C",1.0674,0.010005,7E-11,117,465.703,"KMT2E, KMT2E-AS1, LINC01004, SRPK2",
55,"Yes",7,137039670,137085250,"rs3735025","T","C",1.0667,0.0098965,7.02E-11,58,45.58,"DGKI, PTN",
56,"Yes",9,84607758,84813653,"rs1319017","G","A",0.93575,0.01021,7.82E-11,15,205.895,"SPATA31D1",
57,"Yes",3,36843149,36945794,"rs75968099","C","T",0.93637,0.010152,9.41E-11,41,102.645,"TRANK1",
58,"Yes",3,63792668,64003983,"rs704373","A","G",1.0667,0.010063,1.39E-10,43,211.315,"ATXN7, C3orf49, PSMD6, PSMD6-AS2, THOC7, THOC7-AS1",
59,"Yes",14,72417326,72450533,"rs2332700","C","G",1.0725,0.010931,1.52E-10,4,33.207,"RGS6",
60,"Yes",1,243503764,243685760,"rs14403","C","T",1.077,0.011617,1.71E-10,60,181.996,"MIR4677, SDCCAG8, AKT3",
61,"Yes","X",5859733,6029533,"rs12009217","A","G",0.936974,0.0101978,1.781E-10,51,169.801,"NLGN4X",
62,"Yes",19,30981639,31038995,"rs2053079","A","G",0.93172,0.011092,1.82E-10,23,57.356,"ZNF536",
63,"Yes",16,58538662,58684945,"rs42945","A","G",0.93882,0.0099526,2.25E-10,81,146.283,"CNOT1, NDRG4, SETD6, SLC38A7, SNORA46, SNORA76A",
64,"No",11,132387460,132581442,"rs2917569","T","C",1.0629,0.0096913,3.11E-10,110,193.982,"OPCML",
65,"Yes",6,73132745,73171881,"rs1339227","C","T",1.0647,0.010008,3.76E-10,22,39.136,"RIMS1",
66,"Yes",14,30000405,30190316,"rs1191551","T","G",1.0756,0.011657,4.12E-10,19,189.911,"MIR548AI, PRKD1",
67,"Yes",16,13730867,13763942,"rs7499750","A","C",1.0731,0.011303,4.24E-10,45,33.075,"ERCC4 ",
68,"Yes",17,2059961,2216258,"rs7216638","T","A",1.0667,0.010358,4.59E-10,188,156.297,"LOC101927839, SMG6, SNORD91A, SNORD91B, SRR, TSR1",
69,"No",1,239198959,239210058,"rs72769124","C","A",0.89692,0.017468,4.73E-10,3,11.099,"CHRM3",
70,"No",14,29469373,29490300,"rs10148671","T","C",0.93862,0.010208,5.46E-10,5,20.927,"FOXG1",
71,"No*",8,38014429,38310910,"rs10156310","A","T",1.0755,0.01173,5.56E-10,203,296.481,"ASH2L, BAG4, DDHD2, FGFR1, LETM2, LSM1, PPAPDC1B, STAR, WHSC1L1",
72,"No",1,190606775,191091298,"rs28374258","T","A",0.92924,0.011873,6.35E-10,121,484.523,"LOC440704",
73,"No*",2,145139727,145186749,"rs12991836","A","C",0.94079,0.0098773,6.46E-10,4,47.022,"ZEB2",
74,"Yes",1,149998923,150214166,"rs140505938","C","T",1.0873,0.013541,6.5E-10,227,215.243,"ANP32E, CA14, OTUD7B, PLEKHO1, VPS45",
75,"Yes",5,137838122,137948140,"rs13169274","T","C",0.9421,0.009675,7.06E-10,78,110.018,"ETF1, HSPA9, SNORD63",
76,"No",19,11849736,11849736,"rs72986630","C","T",0.8693,0.0228,8.09E-10,2,0,"ZNF823",
77,"No",15,82827938,83391537,"rs783540","A","G",0.94268,0.0096196,8.45E-10,93,563.599,"ADAMTS7P1, AP3B2, CPEB1, GOLGA6L9, GOLGA6L10, GOLGA6L17P, LOC80154, LOC283692, LOC283693, LOC338963, LOC727751, LOC102724034, RPS17, UBE2Q2P2",
78,"Yes",15,84703470,85392298,"rs12908161","A","G",1.0689,0.010896,9.41E-10,120,688.828,"ADAMTSL3, ALPK3, DNM1P41, EFTUD1P1, GOLGA2P7, GOLGA6L4, GOLGA6L5P, LINC00933, LOC440300, LOC642423, LOC102724034, LOC103171574, NMB, SCAND2P, SEC11A, UBE2Q2L, UBE2Q2P1, WDR73, ZNF592, ZSCAN2",
79,"No",2,73552542,73900900,"rs56145559","C","T",0.93086,0.01173,1.01E-09,282,348.358,"ALMS1, ALMS1-IT1, ALMS1P, NAT8",
80,"No",9,101065115,101076627,"rs10985817","T","C",0.92304,0.013116,1.02E-09,24,11.512,"GABBR2",
81,"Yes",11,24367339,24412992,"rs1899543","A","T",0.94397,0.0094896,1.23E-09,76,45.653,"LUZP2",
82,"Yes",11,57385856,57681828,"rs7129727","G","A",0.93938,0.010341,1.47E-09,99,295.972,"BTBD18, C11orf31, CLP1, CTNND1, MED19, MIR130A, SERPING1, TMX2, TMX2-CTNND1, YPEL4, ZDHHC5",
83,"No",18,77566535,77579812,"rs56775891","C","T",0.93556,0.011111,2.03E-09,10,13.277,"KCNG2",
84,"Yes",3,17221017,17888256,"rs11409090","A","AT",0.941859,0.01,2.11E-09,505,667.239,"TBC1D5",
85,"Yes",7,110034378,110106697,"rs211829","T","C",1.0608,0.0098773,2.29E-09,28,72.319,"IMMP2L",
86,"Yes",15,61831680,61909712,"rs12898315","G","A",0.94469,0.0095456,2.51E-09,48,78.032,"VPS13C",
87,"Yes",1,8392592,8701288,"rs34269918","G","GA",0.941294,0.0102,3.27E-09,56,308.696,"RERE, SLC45A1",
88,"No",8,26190836,26279173,"rs1042992","C","T",0.9293,0.012431,3.67E-09,22,88.337,"BNIP3L, PPP2R2A",
89,"Yes",2,225334070,225467840,"rs11685299","C","A",1.0622,0.010248,3.86E-09,48,133.77,"CUL3",
90,"No",16,63692643,63712719,"rs17465671","C","A",1.0592,0.0097843,4.14E-09,27,20.076,,
91,"Yes",2,185601420,185785791,"rs10196799","A","T",1.0577,0.0095633,4.51E-09,6,184.371,"ZNF804A",
92,"No",12,39448519,39533484,"rs10783624","C","A",1.0615,0.01023,5.44E-09,40,84.965,"CPNE8",
93,"No",3,60287845,60293004,"rs1353545","G","C",0.94265,0.010137,5.67E-09,9,5.159,"FHIT",
94,"Yes",7,131539274,131627162,"rs7801375","A","G",0.92557,0.013314,6.27E-09,24,87.888,"LOC101928782",
95,"Yes",16,9875513,9960879,"rs7191183","T","C",0.94221,0.010248,6.31E-09,154,85.366,"GRIN2A",
96,"Yes",8,89221915,89462854,"rs7010876","T","A",1.0641,0.01071,6.51E-09,70,240.939,"MMP16",
97,"No",20,20817745,20830612,"rs6035706","A","G",0.94205,0.010319,7.24E-09,18,12.867,"RALGAPA2",
98,"No",12,103361112,103382325,"rs36104021","C","G",1.0945,0.015612,7.31E-09,13,21.213,"ASCL1",
99,"No",6,143645035,143707354,"rs72342102","T","TTTTG",1.06673,0.0112,7.93E-09,16,62.319,"AIG1",
100,"No",2,22621296,22753225,"rs12712510","T","C",1.0593,0.010002,8.18E-09,115,131.929,"LOC102723362",
101,"Yes",8,4177791,4208761,"rs139425113","G","GA",0.935569,0.0116,8.48E-09,18,30.97,"CSMD1",
102,"No",14,33292743,33309495,"rs34179565","CA","C",0.945728,0.0097,8.88E-09,43,16.752,"AKAP6",
103,"No",6,83789798,83897565,"rs4470825","G","A",1.0572,0.009675,8.94E-09,5,107.767,"DOPEY1, PGM3, RWDD2A, UBE3D",
104,"No",3,71481192,71611630,"rs7632921","G","T",1.0582,0.0098513,9.52E-09,104,130.438,"FOXP1, MIR1284",
105,"No",8,18396405,18429406,"rs2410572","G","A",1.0561,0.0095456,1.07E-08,35,33.001,"PSD3",
106,"No",11,30240470,30395895,"rs1765142","C","A",0.94407,0.010078,1.13E-08,82,155.425,"ARL14EP, FSHB, MPPED2",
107,"No",13,79855297,80162555,"rs9545047","A","C",1.0576,0.0098044,1.15E-08,329,307.258,"NDFIP2, NDFIP2-AS1, RBM26, RBM26-AS1",
108,"Yes",1,177237533,177334782,"rs4650963","T","C",1.0557,0.0095085,1.16E-08,47,97.249,"BRINP2",
109,"Yes",15,70573650,70618956,"rs12148337","G","T",0.92098,0.014429,1.16E-08,27,45.306,"TLE3",
110,"No",3,161394234,161518228,"rs489939","G","A",1.0587,0.010025,1.24E-08,96,123.994,"OTOL1",
111,"No",6,93063529,93165206,"rs634940","G","T",0.93865,0.011134,1.3E-08,10,101.677,"BC037927",
112,"No",8,34257317,34386259,"rs55669358","T","C",0.90946,0.016715,1.37E-08,8,128.942,"LINC01288",
113,"No",3,53443354,53538107,"rs312477","G","A",1.0674,0.011499,1.38E-08,13,94.753,"CACNA1D",
114,"Yes",4,23366446,23443426,"rs215411","T","A",0.94382,0.010191,1.4E-08,62,76.98,"MIR548AJ2",
115,"Yes",12,23477601,23637351,"rs1120004","T","G",1.0636,0.010877,1.42E-08,122,159.75,"SOX5",
116,"No",16,7744180,7744180,"rs12447542","G","A",0.91818,0.015058,1.44E-08,2,0,"RBFOX1",
117,"No",17,19014831,19183427,"rs66885728","G","C",1.0913,0.015428,1.47E-08,5,168.596,"EPN2, EPN2-AS1, EPN2-IT1, GRAPL, LOC79999, LOC388436",
118,"Yes",7,24719606,24799227,"rs146678232","CA","C",0.931555,0.0126,1.63E-08,6,79.621,"DFNA5, MPP6",
119,"Yes",14,99700080,99719219,"rs35604463","G","A",1.0577,0.0099449,1.66E-08,20,19.139,"BCL11B",
120,"No",5,49441779,49884022,"rs77853293","C","T",1.0561,0.0096913,1.77E-08,216,442.243,"EMB",
121,"No",6,114679177,114722063,"rs760608","G","A",1.0626,0.010803,1.9E-08,12,42.886,"HS3ST5",
122,"No",3,10800703,10807667,"rs6800435","C","A",0.92097,0.014669,2E-08,9,6.964,"LINC00606",
123,"No",11,65378028,65485218,"rs58950470","G","T",0.94418,0.010245,2.07E-08,23,107.19,"EHBP1L1, KAT5, KCNK7, MAP3K11, MIR4489, MIR4690, PCNXL3, RELA, RNASEH2C, SIPA1",
124,"Yes",12,92243186,92258265,"rs4240748","C","G",0.9458,0.0099509,2.15E-08,19,15.079,"BTG1",
125,"No",15,47686081,47686081,"rs281299","C","T",0.94633,0.0098579,2.19E-08,2,0,"SEMA6D",
126,"Yes",15,40566759,40602256,"rs56282503","T","C",0.93958,0.011152,2.3E-08,15,35.497,"ANKRD63, PAK6, PLCB2",
127,"No",1,173867252,174613056,"rs6701877","G","T",1.076,0.013116,2.37E-08,66,745.804,"GPR52, RABGAP1L, RC3H1, SERPINC1, ZBTB37",
128,"Yes",17,17649172,17967397,"rs4925114","A","G",1.0582,0.010172,2.64E-08,174,318.225,"ATPAF2, GID4, LRRC48, MIR33B, MIR6777, RAI1, SMCR5, SREBF1, TOM1L2",
129,"No",3,16845144,16876476,"rs9881798","T","C",1.0544,0.0095441,2.81E-08,34,31.332,"PLCL2",
130,"Yes",4,170357792,170646003,"rs10520163","A","C",0.94751,0.0097107,2.81E-08,44,288.211,"C4orf27, CLCN3, NEK1",
131,"No",1,95837686,95889947,"rs6680011","A","C",0.92911,0.013245,2.83E-08,23,52.261,"FLJ31662",
132,"No",6,128301981,128333682,"rs35736453","T","TC",0.9412,0.0109,2.95E-08,25,31.701,"PTPRK",
133,"No",2,73161551,73168593,"rs2077586","A","G",1.0634,0.011083,2.96E-08,8,7.042,"EMX1, SFXN5",
134,"No",11,134290032,134297345,"rs893949","C","T",1.0548,0.0096316,2.98E-08,6,7.313,"B3GAT1, LOC283177",
135,"No",1,200253612,200269903,"rs6678676","T","C",0.93673,0.011821,3.22E-08,21,16.291,"LINC00862",
136,"No",1,66304167,66333877,"rs12129719","G","A",0.94723,0.0098185,3.35E-08,23,29.71,"PDE4B",
137,"No",8,10030698,10057705,"rs11993663","C","A",0.94626,0.010008,3.4E-08,41,27.007,"MSRA",
138,"Yes",16,67708897,68305708,"rs1975802","A","G",0.93292,0.012598,3.56E-08,218,596.811,"ACD, C16orf86, CENPT, CTRL, DDX28, DPEP2, DPEP3, DUS2, EDC4, ENKD1, ESRP2, GFOD2, LCAT, LOC100131303, MIR6773, NFATC3, NRN1L, NUTF2, PARD6A, PLA2G15, PSKH1, PSMB10, RANBP10, RLTPR, SLC7A6, SLC12A4, THAP11, TSNAXIP1",
139,"Yes",1,97800233,97885249,"rs11165867","C","T",0.9332,0.012578,3.87E-08,77,85.016,"DPYD, DPYD-AS1",
140,"No",4,143742567,143883013,"rs13121251","T","C",1.0591,0.01047,4.06E-08,226,140.446,"INPP4B",
141,"No",16,71216588,71392062,"rs2161711","A","G",1.0724,0.012752,4.22E-08,38,175.474,"CALB2, CMTR2, HYDIN",
142,"No",5,87676693,88195380,"rs254782","A","G",0.88183,0.022975,4.4E-08,15,518.687,"LINC00461, LOC102546226, MEF2C, MEF2C-AS1, MIR9-2, TMEM161B-AS1",
143,"No",14,59864362,60033892,"rs150437760","A","C",1.129,0.022196,4.58E-08,103,169.53,"CCDC175, GPR135, JKAMP, L3HYPDH",
144,"No",17,78557051,78685626,"rs7225476","G","A",0.94934,0.0095271,4.86E-08,26,128.575,"RPTOR",
145,"No",16,24238065,24240725,"rs198160","G","T",1.0576,0.010258,4.88E-08,3,2.66,"PRKCB",
