,fromNode,toNode,weight,direction,fromAltName,toAltName,p_value
1,ABCB9,ARTN,0.753703357953025,undirected,ABCB9,ARTN,0.000000000000000555
2,ABCB9,ATP2A2,0.703441532821777,undirected,ABCB9,ATP2A2,0.000000000000000555
3,ABCB9,CHRNA3,0.818465160316382,undirected,ABCB9,CHRNA3,0.000000000000000555
4,ABCB9,CNTN4,0.837122150868202,undirected,ABCB9,CNTN4,0.000000000000000555
5,ABCB9,EMB,0.77380540506065,undirected,ABCB9,EMB,0.000000000000000555
6,ABCB9,INA,0.730900710614968,undirected,ABCB9,INA,0.000000000000000555
7,ABCB9,KIAA1324L,0.8283634056477,undirected,ABCB9,KIAA1324L,0.000000000000000555
8,ABCB9,L3MBTL2,0.725818277653933,undirected,ABCB9,L3MBTL2,0.000000000000000555
9,ABCB9,MEI1,0.763920851391693,undirected,ABCB9,MEI1,0.000000000000000555
10,ABCB9,NDRG4,0.77023189046437,undirected,ABCB9,NDRG4,0.000000000000000555
11,ABCB9,NISCH,0.859456643370405,undirected,ABCB9,NISCH,0.000000000000000555
12,ABCB9,PLA2G15,0.806462126898424,undirected,ABCB9,PLA2G15,0.000000000000000555
13,ABCB9,PPTC7,0.713786142408218,undirected,ABCB9,PPTC7,0.000000000000000555
14,ABCB9,REEP2,0.926238775203252,undirected,ABCB9,REEP2,0.000000000000000555
15,ABCB9,SLC5A10,0.801068025830463,undirected,ABCB9,SLC5A10,0.000000000000000555
16,ABCB9,TARS2,0.769244766109604,undirected,ABCB9,TARS2,0.000000000000000555
17,ABCB9,TKT,0.855979425614553,undirected,ABCB9,TKT,0.000000000000000555
18,ABCB9,TMX2,0.70576972690229,undirected,ABCB9,TMX2,0.000000000000000555
19,ADAMTSL3,ARL3,0.709393480709408,undirected,ADAMTSL3,ARL3,0.000000000941
20,ADAMTSL3,PPTC7,0.72406639829725,undirected,ADAMTSL3,PPTC7,0.000000000941
21,ADAMTSL3,PRKCD,0.784207382688581,undirected,ADAMTSL3,PRKCD,0.000000000941
22,ADAMTSL3,ST3GAL3,0.713642408965813,undirected,ADAMTSL3,ST3GAL3,0.000000000941
23,ADAMTSL3,TCF4,0.759903710840999,undirected,ADAMTSL3,TCF4,0.000000000941
24,ADAMTSL3,TKT,0.748998228504099,undirected,ADAMTSL3,TKT,0.000000000941
25,APOPT1,C14orf2,0.792102130405739,undirected,APOPT1,C14orf2,0.0000000000000344
26,APOPT1,C14orf2,0.792102130405739,undirected,APOPT1,C14orf2,0.0000000185
27,APOPT1,MOB4,0.837310235126205,undirected,APOPT1,MOB4,0.0000000000000344
28,APOPT1,MOB4,0.837310235126205,undirected,APOPT1,MOB4,0.0000000185
29,APOPT1,THOC7,0.917439157929408,undirected,APOPT1,THOC7,0.0000000000000344
30,APOPT1,THOC7,0.917439157929408,undirected,APOPT1,THOC7,0.0000000185
31,APOPT1,USMG5,0.928556643141131,undirected,APOPT1,USMG5,0.0000000000000344
32,APOPT1,USMG5,0.928556643141131,undirected,APOPT1,USMG5,0.0000000185
33,ARL3,C14orf2,0.751498230578772,undirected,ARL3,C14orf2,0.00000000000000000709
34,ARL3,DNAJC19,0.873046737150827,undirected,ARL3,DNAJC19,0.00000000000000000709
35,ARL3,NDUFA6,0.714939277214174,undirected,ARL3,NDUFA6,0.00000000000000000709
36,ARL3,SPCS1,0.73258574181751,undirected,ARL3,SPCS1,0.00000000000000000709
37,ARL3,TMX2,0.70946731386122,undirected,ARL3,TMX2,0.00000000000000000709
38,ARTN,CALB2,0.872926068568768,undirected,ARTN,CALB2,0.0000000000139
39,ARTN,CHRNA3,0.920533771100472,undirected,ARTN,CHRNA3,0.0000000000139
40,ARTN,CHRNA5,0.955749621482502,undirected,ARTN,CHRNA5,0.0000000000139
41,ARTN,CPEB1,0.761877419143907,undirected,ARTN,CPEB1,0.0000000000139
42,ARTN,DARS2,0.738985757778672,undirected,ARTN,DARS2,0.0000000000139
43,ARTN,EMB,0.882527245035456,undirected,ARTN,EMB,0.0000000000139
44,ARTN,GPM6A,0.752760426254663,undirected,ARTN,GPM6A,0.0000000000139
45,ARTN,HOMER2,0.724775322466093,undirected,ARTN,HOMER2,0.0000000000139
46,ARTN,INA,0.736920537852307,undirected,ARTN,INA,0.0000000000139
47,ARTN,INPP4B,0.813193003080515,undirected,ARTN,INPP4B,0.0000000000139
48,ARTN,KIAA1324L,0.826613756815979,undirected,ARTN,KIAA1324L,0.0000000000139
49,ARTN,MEI1,0.854014249714144,undirected,ARTN,MEI1,0.0000000000139
50,ARTN,MYO15A,0.795906485572217,undirected,ARTN,MYO15A,0.0000000000139
51,ARTN,NDRG4,0.859250373910291,undirected,ARTN,NDRG4,0.0000000000139
52,ARTN,NISCH,0.866074231237252,undirected,ARTN,NISCH,0.0000000000139
53,ARTN,NMB,0.765089746612761,undirected,ARTN,NMB,0.0000000000139
54,ARTN,PLA2G15,0.83039288348657,undirected,ARTN,PLA2G15,0.0000000000139
55,ARTN,REEP2,0.850304623085012,undirected,ARTN,REEP2,0.0000000000139
56,ARTN,SLC5A10,0.772153295921468,undirected,ARTN,SLC5A10,0.0000000000139
57,ARTN,SLC6A11,0.796208982238173,undirected,ARTN,SLC6A11,0.0000000000139
58,ARTN,TARS2,0.860994299671442,undirected,ARTN,TARS2,0.0000000000139
59,ARTN,TKT,0.707773289060459,undirected,ARTN,TKT,0.0000000000139
60,ATP2A2,CACNA1C,0.766869229143345,undirected,ATP2A2,CACNA1C,0.0000000000000268
61,ATP2A2,CNTN4,0.80583012765451,undirected,ATP2A2,CNTN4,0.0000000000000268
62,ATP2A2,EMB,0.766880717245002,undirected,ATP2A2,EMB,0.0000000000000268
63,ATP2A2,GPM6A,0.716964419946711,undirected,ATP2A2,GPM6A,0.0000000000000268
64,ATP2A2,HSPA9,0.706294094982287,undirected,ATP2A2,HSPA9,0.0000000000000268
65,ATP2A2,INA,0.712650474464923,undirected,ATP2A2,INA,0.0000000000000268
66,ATP2A2,KIAA1324L,0.817075799810573,undirected,ATP2A2,KIAA1324L,0.0000000000000268
67,ATP2A2,KIF21A,0.719420001102523,undirected,ATP2A2,KIF21A,0.0000000000000268
68,ATP2A2,L3MBTL2,0.796090930795121,undirected,ATP2A2,L3MBTL2,0.0000000000000268
69,ATP2A2,MEI1,0.769187948967635,undirected,ATP2A2,MEI1,0.0000000000000268
70,ATP2A2,NDRG4,0.814191169179343,undirected,ATP2A2,NDRG4,0.0000000000000268
71,ATP2A2,NLGN4X,0.819233734996906,undirected,ATP2A2,NLGN4X,0.0000000000000268
72,ATP2A2,PLA2G15,0.761279312521256,undirected,ATP2A2,PLA2G15,0.0000000000000268
73,ATP2A2,PLEKHO1,0.811445550133483,undirected,ATP2A2,PLEKHO1,0.0000000000000268
74,ATP2A2,PPTC7,0.933947114206335,undirected,ATP2A2,PPTC7,0.0000000000000268
75,ATP2A2,PRKCD,0.832441231373425,undirected,ATP2A2,PRKCD,0.0000000000000268
76,ATP2A2,REEP2,0.763514675548245,undirected,ATP2A2,REEP2,0.0000000000000268
77,ATP2A2,SLC45A1,0.863017845015952,undirected,ATP2A2,SLC45A1,0.0000000000000268
78,ATP2A2,SLC5A10,0.892146086554819,undirected,ATP2A2,SLC5A10,0.0000000000000268
79,ATP2A2,SLC6A11,0.752795638711272,undirected,ATP2A2,SLC6A11,0.0000000000000268
80,ATP2A2,ST3GAL3,0.872102318419533,undirected,ATP2A2,ST3GAL3,0.0000000000000268
81,ATP2A2,TARS2,0.88914067743132,undirected,ATP2A2,TARS2,0.0000000000000268
82,ATP2A2,TCF4,0.876613032283817,undirected,ATP2A2,TCF4,0.0000000000000268
83,ATP2A2,TKT,0.841491472650665,undirected,ATP2A2,TKT,0.0000000000000268
84,ATP2A2,TMX2,0.704887711273143,undirected,ATP2A2,TMX2,0.0000000000000268
85,C10orf32,CNTN4,0.752041826704502,undirected,C10orf32,CNTN4,0.00000000000000000709
86,C10orf32,CNTN4,0.752041826704502,undirected,C10orf32,CNTN4,0.00000000000377
87,C10orf32,L3MBTL2,0.767490772559282,undirected,C10orf32,L3MBTL2,0.00000000000000000709
88,C10orf32,L3MBTL2,0.767490772559282,undirected,C10orf32,L3MBTL2,0.00000000000377
89,C10orf32,NISCH,0.714687185304132,undirected,C10orf32,NISCH,0.00000000000000000709
90,C10orf32,NISCH,0.714687185304132,undirected,C10orf32,NISCH,0.00000000000377
91,C10orf32,SLC45A1,0.755982268674179,undirected,C10orf32,SLC45A1,0.00000000000000000709
92,C10orf32,SLC45A1,0.755982268674179,undirected,C10orf32,SLC45A1,0.00000000000377
93,C10orf32,ZDHHC5,0.762216229619535,undirected,C10orf32,ZDHHC5,0.00000000000000000709
94,C10orf32,ZDHHC5,0.762216229619535,undirected,C10orf32,ZDHHC5,0.00000000000377
95,C14orf2,DNAJC19,0.827067200885843,undirected,C14orf2,DNAJC19,0.0000000000000344
96,C14orf2,DNAJC19,0.827067200885843,undirected,C14orf2,DNAJC19,0.0000000185
97,C14orf2,THOC7,0.822823247436063,undirected,C14orf2,THOC7,0.0000000000000344
98,C14orf2,THOC7,0.822823247436063,undirected,C14orf2,THOC7,0.0000000185
99,C14orf2,USMG5,0.850640043400709,undirected,C14orf2,USMG5,0.0000000000000344
100,C14orf2,USMG5,0.850640043400709,undirected,C14orf2,USMG5,0.0000000185
101,C1orf54,NDUFA6,0.775171791504224,undirected,C1orf54,NDUFA6,0.00000000065
102,C1orf54,RBX1,0.79404803999911,undirected,C1orf54,RBX1,0.00000000065
103,C1orf54,XPNPEP3,0.815446303222806,undirected,C1orf54,XPNPEP3,0.00000000065
104,CACNA1C,CKAP5,0.704565004888066,undirected,CACNA1C,CKAP5,0.0000000000000000000563
105,CACNA1C,CKAP5,0.704565004888066,undirected,CACNA1C,CKAP5,0.00000000228
106,CACNA1C,CNNM2,0.765061678592628,undirected,CACNA1C,CNNM2,0.0000000000000000000563
107,CACNA1C,CNNM2,0.765061678592628,undirected,CACNA1C,CNNM2,0.00000000228
108,CACNA1C,L3MBTL2,0.849236456701375,undirected,CACNA1C,L3MBTL2,0.0000000000000000000563
109,CACNA1C,L3MBTL2,0.849236456701375,undirected,CACNA1C,L3MBTL2,0.00000000228
110,CACNA1C,PPTC7,0.770436050731009,undirected,CACNA1C,PPTC7,0.0000000000000000000563
111,CACNA1C,PPTC7,0.770436050731009,undirected,CACNA1C,PPTC7,0.00000000228
112,CACNA1C,SLC45A1,0.710737375684375,undirected,CACNA1C,SLC45A1,0.0000000000000000000563
113,CACNA1C,SLC45A1,0.710737375684375,undirected,CACNA1C,SLC45A1,0.00000000228
114,CACNA1C,ZDHHC5,0.731402300289239,undirected,CACNA1C,ZDHHC5,0.0000000000000000000563
115,CACNA1C,ZDHHC5,0.731402300289239,undirected,CACNA1C,ZDHHC5,0.00000000228
116,CALB2,CHRNA3,0.923824607176516,undirected,CALB2,CHRNA3,0.0000000422
117,CALB2,CHRNA5,0.901124878746552,undirected,CALB2,CHRNA5,0.0000000422
118,CALB2,CNTN4,0.841248729873032,undirected,CALB2,CNTN4,0.0000000422
119,CALB2,CPEB1,0.853463264919662,undirected,CALB2,CPEB1,0.0000000422
120,CALB2,EMB,0.935856191746503,undirected,CALB2,EMB,0.0000000422
121,CALB2,HOMER2,0.87419941873042,undirected,CALB2,HOMER2,0.0000000422
122,CALB2,HSPA9,0.900788724713602,undirected,CALB2,HSPA9,0.0000000422
123,CALB2,INA,0.926251002185133,undirected,CALB2,INA,0.0000000422
124,CALB2,INPP4B,0.763508093767878,undirected,CALB2,INPP4B,0.0000000422
125,CALB2,KIAA1324L,0.843155863425237,undirected,CALB2,KIAA1324L,0.0000000422
126,CALB2,KIF21A,0.833548668387703,undirected,CALB2,KIF21A,0.0000000422
127,CALB2,MEI1,0.96066519593341,undirected,CALB2,MEI1,0.0000000422
128,CALB2,MYO15A,0.816267476744206,undirected,CALB2,MYO15A,0.0000000422
129,CALB2,NDRG4,0.928037747008941,undirected,CALB2,NDRG4,0.0000000422
130,CALB2,NISCH,0.846354246253712,undirected,CALB2,NISCH,0.0000000422
131,CALB2,NLGN4X,0.740063947630419,undirected,CALB2,NLGN4X,0.0000000422
132,CALB2,NMB,0.835806538945064,undirected,CALB2,NMB,0.0000000422
133,CALB2,PLA2G15,0.920756050581683,undirected,CALB2,PLA2G15,0.0000000422
134,CALB2,PLEKHO1,0.711285896796895,undirected,CALB2,PLEKHO1,0.0000000422
135,CALB2,REEP2,0.819909048122164,undirected,CALB2,REEP2,0.0000000422
136,CALB2,SLC5A10,0.854489054603929,undirected,CALB2,SLC5A10,0.0000000422
137,CALB2,SLC6A11,0.901653504405977,undirected,CALB2,SLC6A11,0.0000000422
138,CALB2,TARS2,0.850222937979426,undirected,CALB2,TARS2,0.0000000422
139,CALB2,TKT,0.811401898239382,undirected,CALB2,TKT,0.0000000422
140,CALB2,TMX2,0.747761044999271,undirected,CALB2,TMX2,0.0000000422
141,CHRNA3,CHRNA5,0.883500907436896,undirected,CHRNA3,CHRNA5,0.00000000000311
142,CHRNA3,CNTN4,0.848337146338138,undirected,CHRNA3,CNTN4,0.00000000000311
143,CHRNA3,CPEB1,0.760536375680761,undirected,CHRNA3,CPEB1,0.00000000000311
144,CHRNA3,EMB,0.937620750826876,undirected,CHRNA3,EMB,0.00000000000311
145,CHRNA3,GPM6A,0.701920970501158,undirected,CHRNA3,GPM6A,0.00000000000311
146,CHRNA3,HOMER2,0.759575307231758,undirected,CHRNA3,HOMER2,0.00000000000311
147,CHRNA3,HSPA9,0.791151882959836,undirected,CHRNA3,HSPA9,0.00000000000311
148,CHRNA3,INA,0.842037776867161,undirected,CHRNA3,INA,0.00000000000311
149,CHRNA3,INPP4B,0.802870622335109,undirected,CHRNA3,INPP4B,0.00000000000311
150,CHRNA3,KIAA1324L,0.93065902509832,undirected,CHRNA3,KIAA1324L,0.00000000000311
151,CHRNA3,MEI1,0.90906546314738,undirected,CHRNA3,MEI1,0.00000000000311
152,CHRNA3,MYO15A,0.701832749748021,undirected,CHRNA3,MYO15A,0.00000000000311
153,CHRNA3,NDRG4,0.907212821400828,undirected,CHRNA3,NDRG4,0.00000000000311
154,CHRNA3,NISCH,0.884166496723207,undirected,CHRNA3,NISCH,0.00000000000311
155,CHRNA3,NMB,0.751925994201748,undirected,CHRNA3,NMB,0.00000000000311
156,CHRNA3,PLA2G15,0.870318712778124,undirected,CHRNA3,PLA2G15,0.00000000000311
157,CHRNA3,PPTC7,0.731556625222293,undirected,CHRNA3,PPTC7,0.00000000000311
158,CHRNA3,REEP2,0.930983997672257,undirected,CHRNA3,REEP2,0.00000000000311
159,CHRNA3,SLC5A10,0.807507350553614,undirected,CHRNA3,SLC5A10,0.00000000000311
160,CHRNA3,SLC6A11,0.785655219184705,undirected,CHRNA3,SLC6A11,0.00000000000311
161,CHRNA3,TARS2,0.844541009620103,undirected,CHRNA3,TARS2,0.00000000000311
162,CHRNA3,TKT,0.768129417393362,undirected,CHRNA3,TKT,0.00000000000311
163,CHRNA3,TMX2,0.759015955572888,undirected,CHRNA3,TMX2,0.00000000000311
164,CHRNA5,CPEB1,0.803661123156412,undirected,CHRNA5,CPEB1,0.00000000000311
165,CHRNA5,DARS2,0.726674289741581,undirected,CHRNA5,DARS2,0.00000000000311
166,CHRNA5,EMB,0.896280551757177,undirected,CHRNA5,EMB,0.00000000000311
167,CHRNA5,HOMER2,0.810365627393592,undirected,CHRNA5,HOMER2,0.00000000000311
168,CHRNA5,HSPA9,0.775351852613033,undirected,CHRNA5,HSPA9,0.00000000000311
169,CHRNA5,INA,0.781984799260618,undirected,CHRNA5,INA,0.00000000000311
170,CHRNA5,INPP4B,0.781981646983677,undirected,CHRNA5,INPP4B,0.00000000000311
171,CHRNA5,KIAA1324L,0.778428170175199,undirected,CHRNA5,KIAA1324L,0.00000000000311
172,CHRNA5,KIF21A,0.769047805965545,undirected,CHRNA5,KIF21A,0.00000000000311
173,CHRNA5,MEI1,0.87828103853541,undirected,CHRNA5,MEI1,0.00000000000311
174,CHRNA5,MYO15A,0.835569216131477,undirected,CHRNA5,MYO15A,0.00000000000311
175,CHRNA5,NDRG4,0.864878926032026,undirected,CHRNA5,NDRG4,0.00000000000311
176,CHRNA5,NISCH,0.810892604052741,undirected,CHRNA5,NISCH,0.00000000000311
177,CHRNA5,NLGN4X,0.71688744612458,undirected,CHRNA5,NLGN4X,0.00000000000311
178,CHRNA5,NMB,0.81409585931247,undirected,CHRNA5,NMB,0.00000000000311
179,CHRNA5,PLA2G15,0.839530390937359,undirected,CHRNA5,PLA2G15,0.00000000000311
180,CHRNA5,REEP2,0.777132361146027,undirected,CHRNA5,REEP2,0.00000000000311
181,CHRNA5,SLC5A10,0.767241187551324,undirected,CHRNA5,SLC5A10,0.00000000000311
182,CHRNA5,SLC6A11,0.844294821097607,undirected,CHRNA5,SLC6A11,0.00000000000311
183,CHRNA5,TARS2,0.83570790036512,undirected,CHRNA5,TARS2,0.00000000000311
184,CHRNA5,TWF2,0.72875301998516,undirected,CHRNA5,TWF2,0.00000000000311
185,CLP1,TCF4,0.82318645873118,undirected,CLP1,TCF4,0.00000000147
186,CLP1,TKT,0.767325034266681,undirected,CLP1,TKT,0.00000000147
187,CNNM2,GPM6A,0.71811305412411,undirected,CNNM2,GPM6A,0.00000000000000000709
188,CNNM2,GPM6A,0.71811305412411,undirected,CNNM2,GPM6A,0.00000000000377
189,CNNM2,KIAA1324L,0.769471562961705,undirected,CNNM2,KIAA1324L,0.00000000000000000709
190,CNNM2,KIAA1324L,0.769471562961705,undirected,CNNM2,KIAA1324L,0.00000000000377
191,CNNM2,PPTC7,0.702636512040185,undirected,CNNM2,PPTC7,0.00000000000000000709
192,CNNM2,PPTC7,0.702636512040185,undirected,CNNM2,PPTC7,0.00000000000377
193,CNNM2,REEP2,0.772921098169767,undirected,CNNM2,REEP2,0.00000000000000000709
194,CNNM2,REEP2,0.772921098169767,undirected,CNNM2,REEP2,0.00000000000377
195,CNNM2,TARS2,0.709577681304048,undirected,CNNM2,TARS2,0.00000000000000000709
196,CNNM2,TARS2,0.709577681304048,undirected,CNNM2,TARS2,0.00000000000377
197,CNNM2,ZDHHC5,0.841350063410112,undirected,CNNM2,ZDHHC5,0.00000000000000000709
198,CNNM2,ZDHHC5,0.841350063410112,undirected,CNNM2,ZDHHC5,0.00000000000377
199,CNTN4,CPEB1,0.725142224959186,undirected,CNTN4,CPEB1,0.00000000000242
200,CNTN4,EMB,0.862588224873427,undirected,CNTN4,EMB,0.00000000000242
201,CNTN4,HOMER2,0.773817360802205,undirected,CNTN4,HOMER2,0.00000000000242
202,CNTN4,HSPA9,0.795842160623565,undirected,CNTN4,HSPA9,0.00000000000242
203,CNTN4,INA,0.882679597902346,undirected,CNTN4,INA,0.00000000000242
204,CNTN4,KIAA1324L,0.885466963623049,undirected,CNTN4,KIAA1324L,0.00000000000242
205,CNTN4,KIF21A,0.706899041770591,undirected,CNTN4,KIF21A,0.00000000000242
206,CNTN4,L3MBTL2,0.704170634219278,undirected,CNTN4,L3MBTL2,0.00000000000242
207,CNTN4,MEI1,0.907286931106769,undirected,CNTN4,MEI1,0.00000000000242
208,CNTN4,NDRG4,0.917713288087432,undirected,CNTN4,NDRG4,0.00000000000242
209,CNTN4,NISCH,0.856651202537323,undirected,CNTN4,NISCH,0.00000000000242
210,CNTN4,NLGN4X,0.726605319745794,undirected,CNTN4,NLGN4X,0.00000000000242
211,CNTN4,PLA2G15,0.922420084658085,undirected,CNTN4,PLA2G15,0.00000000000242
212,CNTN4,PPTC7,0.73763321623661,undirected,CNTN4,PPTC7,0.00000000000242
213,CNTN4,REEP2,0.912512089465906,undirected,CNTN4,REEP2,0.00000000000242
214,CNTN4,SLC45A1,0.722083152131332,undirected,CNTN4,SLC45A1,0.00000000000242
215,CNTN4,SLC5A10,0.877775677910199,undirected,CNTN4,SLC5A10,0.00000000000242
216,CNTN4,SLC6A11,0.79117178572175,undirected,CNTN4,SLC6A11,0.00000000000242
217,CNTN4,ST3GAL3,0.843596035645299,undirected,CNTN4,ST3GAL3,0.00000000000242
218,CNTN4,TARS2,0.842709888643098,undirected,CNTN4,TARS2,0.00000000000242
219,CNTN4,TKT,0.899543872285156,undirected,CNTN4,TKT,0.00000000000242
220,CNTN4,TMX2,0.77138709012868,undirected,CNTN4,TMX2,0.00000000000242
221,CPEB1,EMB,0.855401265758767,undirected,CPEB1,EMB,0.000000000845
222,CPEB1,HOMER2,0.952895487921762,undirected,CPEB1,HOMER2,0.000000000845
223,CPEB1,HSPA9,0.801395765686581,undirected,CPEB1,HSPA9,0.000000000845
224,CPEB1,INA,0.839845144556166,undirected,CPEB1,INA,0.000000000845
225,CPEB1,KIF21A,0.789296112178768,undirected,CPEB1,KIF21A,0.000000000845
226,CPEB1,MEI1,0.883467266219892,undirected,CPEB1,MEI1,0.000000000845
227,CPEB1,MYO15A,0.802855111296314,undirected,CPEB1,MYO15A,0.000000000845
228,CPEB1,NDRG4,0.826493535145112,undirected,CPEB1,NDRG4,0.000000000845
229,CPEB1,NISCH,0.860794651639406,undirected,CPEB1,NISCH,0.000000000845
230,CPEB1,NLGN4X,0.702721146086771,undirected,CPEB1,NLGN4X,0.000000000845
231,CPEB1,NMB,0.745499088847806,undirected,CPEB1,NMB,0.000000000845
232,CPEB1,PLA2G15,0.878265075837962,undirected,CPEB1,PLA2G15,0.000000000845
233,CPEB1,SLC5A10,0.761568043843774,undirected,CPEB1,SLC5A10,0.000000000845
234,CPEB1,SLC6A11,0.807916172252165,undirected,CPEB1,SLC6A11,0.000000000845
235,CPEB1,TKT,0.715092383681762,undirected,CPEB1,TKT,0.000000000845
236,DARS2,EMB,0.746532261634573,undirected,DARS2,EMB,0.0000000237
237,DARS2,INPP4B,0.870513652845051,undirected,DARS2,INPP4B,0.0000000237
238,DARS2,KIAA1324L,0.700687515604119,undirected,DARS2,KIAA1324L,0.0000000237
239,DARS2,MEI1,0.764063127992992,undirected,DARS2,MEI1,0.0000000237
240,DARS2,NDRG4,0.708410727468365,undirected,DARS2,NDRG4,0.0000000237
241,DARS2,NMB,0.723317390065647,undirected,DARS2,NMB,0.0000000237
242,DARS2,PLA2G15,0.71958186780486,undirected,DARS2,PLA2G15,0.0000000237
243,DARS2,PPTC7,0.705358448256518,undirected,DARS2,PPTC7,0.0000000237
244,DARS2,SLC5A10,0.739512944069792,undirected,DARS2,SLC5A10,0.0000000237
245,DARS2,SLC6A11,0.803528606275648,undirected,DARS2,SLC6A11,0.0000000237
246,DARS2,TARS2,0.800581086388514,undirected,DARS2,TARS2,0.0000000237
247,DARS2,TMX2,0.801716516893171,undirected,DARS2,TMX2,0.0000000237
248,DNAJC19,MOB4,0.718585169269086,undirected,DNAJC19,MOB4,0.00000000000319
249,DNAJC19,SPCS1,0.768052952256542,undirected,DNAJC19,SPCS1,0.00000000000319
250,DNAJC19,USMG5,0.806580579105621,undirected,DNAJC19,USMG5,0.00000000000319
251,DPYD,ZDHHC5,0.758578057977657,undirected,DPYD,ZDHHC5,0.00000000000000000218
252,DPYD,ZDHHC5,0.758578057977657,undirected,DPYD,ZDHHC5,0.0000000387
253,EMB,GPM6A,0.798212083154958,undirected,EMB,GPM6A,0.0000000177
254,EMB,HOMER2,0.876401134976053,undirected,EMB,HOMER2,0.0000000177
255,EMB,HSPA9,0.881145559516187,undirected,EMB,HSPA9,0.0000000177
256,EMB,INA,0.865263564376229,undirected,EMB,INA,0.0000000177
257,EMB,INPP4B,0.798220197895898,undirected,EMB,INPP4B,0.0000000177
258,EMB,KIAA1324L,0.926398279239144,undirected,EMB,KIAA1324L,0.0000000177
259,EMB,KIF21A,0.81548075092171,undirected,EMB,KIF21A,0.0000000177
260,EMB,MEI1,0.968005872978834,undirected,EMB,MEI1,0.0000000177
261,EMB,MYO15A,0.74369185859908,undirected,EMB,MYO15A,0.0000000177
262,EMB,NDRG4,0.951461982669942,undirected,EMB,NDRG4,0.0000000177
263,EMB,NISCH,0.866992396038733,undirected,EMB,NISCH,0.0000000177
264,EMB,NLGN4X,0.78475098235512,undirected,EMB,NLGN4X,0.0000000177
265,EMB,NMB,0.810742607680162,undirected,EMB,NMB,0.0000000177
266,EMB,PLA2G15,0.934036466282986,undirected,EMB,PLA2G15,0.0000000177
267,EMB,PLEKHO1,0.74813125062367,undirected,EMB,PLEKHO1,0.0000000177
268,EMB,PPTC7,0.787398975360835,undirected,EMB,PPTC7,0.0000000177
269,EMB,REEP2,0.889977638236094,undirected,EMB,REEP2,0.0000000177
270,EMB,SLC5A10,0.900177367127881,undirected,EMB,SLC5A10,0.0000000177
271,EMB,SLC6A11,0.902558328702154,undirected,EMB,SLC6A11,0.0000000177
272,EMB,TARS2,0.898222155107558,undirected,EMB,TARS2,0.0000000177
273,EMB,TKT,0.831201202980577,undirected,EMB,TKT,0.0000000177
274,EMB,TMX2,0.807280564507889,undirected,EMB,TMX2,0.0000000177
275,EMB,TSNARE1,0.716346430817065,undirected,EMB,TSNARE1,0.0000000177
276,ERCC8,MRPS14,0.755331286000748,undirected,ERCC8,MRPS14,0.0000000000000372
277,ERCC8,XPNPEP3,0.772439284772475,undirected,ERCC8,XPNPEP3,0.0000000000000372
278,GPM6A,INPP4B,0.765387543527876,undirected,GPM6A,INPP4B,0.0000000000096
279,GPM6A,INPP4B,0.765387543527876,undirected,GPM6A,INPP4B,0.0000000000967
280,GPM6A,KIAA1324L,0.815960431873018,undirected,GPM6A,KIAA1324L,0.0000000000096
281,GPM6A,KIAA1324L,0.815960431873018,undirected,GPM6A,KIAA1324L,0.0000000000967
282,GPM6A,MEI1,0.723087133232822,undirected,GPM6A,MEI1,0.0000000000096
283,GPM6A,MEI1,0.723087133232822,undirected,GPM6A,MEI1,0.0000000000967
284,GPM6A,NDRG4,0.786815538462499,undirected,GPM6A,NDRG4,0.0000000000096
285,GPM6A,NDRG4,0.786815538462499,undirected,GPM6A,NDRG4,0.0000000000967
286,GPM6A,PLA2G15,0.701860527496544,undirected,GPM6A,PLA2G15,0.0000000000096
287,GPM6A,PLA2G15,0.701860527496544,undirected,GPM6A,PLA2G15,0.0000000000967
288,GPM6A,PLEKHO1,0.783961764989233,undirected,GPM6A,PLEKHO1,0.0000000000096
289,GPM6A,PLEKHO1,0.783961764989233,undirected,GPM6A,PLEKHO1,0.0000000000967
290,GPM6A,PPTC7,0.735845037378218,undirected,GPM6A,PPTC7,0.0000000000096
291,GPM6A,PPTC7,0.735845037378218,undirected,GPM6A,PPTC7,0.0000000000967
292,GPM6A,PRKCD,0.738255205220391,undirected,GPM6A,PRKCD,0.0000000000096
293,GPM6A,PRKCD,0.738255205220391,undirected,GPM6A,PRKCD,0.0000000000967
294,GPM6A,REEP2,0.702916894486366,undirected,GPM6A,REEP2,0.0000000000096
295,GPM6A,REEP2,0.702916894486366,undirected,GPM6A,REEP2,0.0000000000967
296,GPM6A,SLC5A10,0.783686513658543,undirected,GPM6A,SLC5A10,0.0000000000096
297,GPM6A,SLC5A10,0.783686513658543,undirected,GPM6A,SLC5A10,0.0000000000967
298,GPM6A,SLC6A11,0.741879738038567,undirected,GPM6A,SLC6A11,0.0000000000096
299,GPM6A,SLC6A11,0.741879738038567,undirected,GPM6A,SLC6A11,0.0000000000967
300,GPM6A,TARS2,0.849671943041887,undirected,GPM6A,TARS2,0.0000000000096
301,GPM6A,TARS2,0.849671943041887,undirected,GPM6A,TARS2,0.0000000000967
302,GPM6A,TWF2,0.701627219181415,undirected,GPM6A,TWF2,0.0000000000096
303,GPM6A,TWF2,0.701627219181415,undirected,GPM6A,TWF2,0.0000000000967
304,HOMER2,HSPA9,0.89573052573111,undirected,HOMER2,HSPA9,0.000000000845
305,HOMER2,INA,0.885083241745091,undirected,HOMER2,INA,0.000000000845
306,HOMER2,KIF21A,0.8534743940256,undirected,HOMER2,KIF21A,0.000000000845
307,HOMER2,MEI1,0.919998980497765,undirected,HOMER2,MEI1,0.000000000845
308,HOMER2,MYO15A,0.822005905740421,undirected,HOMER2,MYO15A,0.000000000845
309,HOMER2,NDRG4,0.846327815567361,undirected,HOMER2,NDRG4,0.000000000845
310,HOMER2,NISCH,0.807293547472616,undirected,HOMER2,NISCH,0.000000000845
311,HOMER2,NLGN4X,0.803146250170469,undirected,HOMER2,NLGN4X,0.000000000845
312,HOMER2,NMB,0.816792179564251,undirected,HOMER2,NMB,0.000000000845
313,HOMER2,PLA2G15,0.920792570834728,undirected,HOMER2,PLA2G15,0.000000000845
314,HOMER2,REEP2,0.704679388915668,undirected,HOMER2,REEP2,0.000000000845
315,HOMER2,SLC5A10,0.799062559117561,undirected,HOMER2,SLC5A10,0.000000000845
316,HOMER2,SLC6A11,0.878255786728358,undirected,HOMER2,SLC6A11,0.000000000845
317,HOMER2,TARS2,0.708824359890282,undirected,HOMER2,TARS2,0.000000000845
318,HOMER2,TKT,0.757511574582164,undirected,HOMER2,TKT,0.000000000845
319,HOMER2,TMX2,0.707935883961923,undirected,HOMER2,TMX2,0.000000000845
320,HSPA9,INA,0.921391630408685,undirected,HSPA9,INA,0.000000000706
321,HSPA9,KIAA1324L,0.758402436671653,undirected,HSPA9,KIAA1324L,0.000000000706
322,HSPA9,KIF21A,0.864813490517916,undirected,HSPA9,KIF21A,0.000000000706
323,HSPA9,MEI1,0.91363830109048,undirected,HSPA9,MEI1,0.000000000706
324,HSPA9,NDRG4,0.843233305926528,undirected,HSPA9,NDRG4,0.000000000706
325,HSPA9,NISCH,0.711257019645807,undirected,HSPA9,NISCH,0.000000000706
326,HSPA9,NLGN4X,0.771104968901978,undirected,HSPA9,NLGN4X,0.000000000706
327,HSPA9,NMB,0.827704668639454,undirected,HSPA9,NMB,0.000000000706
328,HSPA9,PLA2G15,0.868573709394829,undirected,HSPA9,PLA2G15,0.000000000706
329,HSPA9,PLEKHO1,0.730802818771386,undirected,HSPA9,PLEKHO1,0.000000000706
330,HSPA9,REEP2,0.715874069954766,undirected,HSPA9,REEP2,0.000000000706
331,HSPA9,SLC5A10,0.855517282052739,undirected,HSPA9,SLC5A10,0.000000000706
332,HSPA9,SLC6A11,0.866650873433247,undirected,HSPA9,SLC6A11,0.000000000706
333,HSPA9,ST3GAL3,0.746476494458145,undirected,HSPA9,ST3GAL3,0.000000000706
334,HSPA9,TARS2,0.760132364552212,undirected,HSPA9,TARS2,0.000000000706
335,HSPA9,TCF4,0.728872344395393,undirected,HSPA9,TCF4,0.000000000706
336,HSPA9,TKT,0.808299578747127,undirected,HSPA9,TKT,0.000000000706
337,HSPA9,TMX2,0.822057416813885,undirected,HSPA9,TMX2,0.000000000706
338,HSPA9,TSNARE1,0.754741480767466,undirected,HSPA9,TSNARE1,0.000000000706
339,INA,KIAA1324L,0.777374922102168,undirected,INA,KIAA1324L,0.00000000000000000709
340,INA,KIAA1324L,0.777374922102168,undirected,INA,KIAA1324L,0.00000000000377
341,INA,KIF21A,0.840326393438745,undirected,INA,KIF21A,0.00000000000000000709
342,INA,KIF21A,0.840326393438745,undirected,INA,KIF21A,0.00000000000377
343,INA,MEI1,0.917972305373326,undirected,INA,MEI1,0.00000000000000000709
344,INA,MEI1,0.917972305373326,undirected,INA,MEI1,0.00000000000377
345,INA,MYO15A,0.726053269743683,undirected,INA,MYO15A,0.00000000000000000709
346,INA,MYO15A,0.726053269743683,undirected,INA,MYO15A,0.00000000000377
347,INA,NDRG4,0.893210487942652,undirected,INA,NDRG4,0.00000000000000000709
348,INA,NDRG4,0.893210487942652,undirected,INA,NDRG4,0.00000000000377
349,INA,NISCH,0.845317668760451,undirected,INA,NISCH,0.00000000000000000709
350,INA,NISCH,0.845317668760451,undirected,INA,NISCH,0.00000000000377
351,INA,NLGN4X,0.749492717489762,undirected,INA,NLGN4X,0.00000000000000000709
352,INA,NLGN4X,0.749492717489762,undirected,INA,NLGN4X,0.00000000000377
353,INA,PLA2G15,0.903999911181632,undirected,INA,PLA2G15,0.00000000000000000709
354,INA,PLA2G15,0.903999911181632,undirected,INA,PLA2G15,0.00000000000377
355,INA,REEP2,0.811245513987824,undirected,INA,REEP2,0.00000000000000000709
356,INA,REEP2,0.811245513987824,undirected,INA,REEP2,0.00000000000377
357,INA,SLC5A10,0.843016818817188,undirected,INA,SLC5A10,0.00000000000000000709
358,INA,SLC5A10,0.843016818817188,undirected,INA,SLC5A10,0.00000000000377
359,INA,SLC6A11,0.806144719839124,undirected,INA,SLC6A11,0.00000000000000000709
360,INA,SLC6A11,0.806144719839124,undirected,INA,SLC6A11,0.00000000000377
361,INA,ST3GAL3,0.780982693561073,undirected,INA,ST3GAL3,0.00000000000000000709
362,INA,ST3GAL3,0.780982693561073,undirected,INA,ST3GAL3,0.00000000000377
363,INA,TARS2,0.774327086485982,undirected,INA,TARS2,0.00000000000000000709
364,INA,TARS2,0.774327086485982,undirected,INA,TARS2,0.00000000000377
365,INA,TKT,0.838034814731672,undirected,INA,TKT,0.00000000000000000709
366,INA,TKT,0.838034814731672,undirected,INA,TKT,0.00000000000377
367,INA,TMX2,0.711793773368246,undirected,INA,TMX2,0.00000000000000000709
368,INA,TMX2,0.711793773368246,undirected,INA,TMX2,0.00000000000377
369,INPP4B,KIAA1324L,0.801218188864091,undirected,INPP4B,KIAA1324L,0.0000000406
370,INPP4B,MEI1,0.767906869542517,undirected,INPP4B,MEI1,0.0000000406
371,INPP4B,NDRG4,0.745136285425644,undirected,INPP4B,NDRG4,0.0000000406
372,INPP4B,NMB,0.710442952285337,undirected,INPP4B,NMB,0.0000000406
373,INPP4B,SLC5A10,0.702885861711717,undirected,INPP4B,SLC5A10,0.0000000406
374,INPP4B,SLC6A11,0.758758101683702,undirected,INPP4B,SLC6A11,0.0000000406
375,INPP4B,TARS2,0.796502111021286,undirected,INPP4B,TARS2,0.0000000406
376,INPP4B,TWF2,0.78609682636129,undirected,INPP4B,TWF2,0.0000000406
377,KIAA1324L,MEI1,0.876607019665943,undirected,KIAA1324L,MEI1,0.0000000000000357
378,KIAA1324L,MEI1,0.876607019665943,undirected,KIAA1324L,MEI1,0.0000000007713
379,KIAA1324L,NDRG4,0.914182022673533,undirected,KIAA1324L,NDRG4,0.0000000000000357
380,KIAA1324L,NDRG4,0.914182022673533,undirected,KIAA1324L,NDRG4,0.0000000007713
381,KIAA1324L,NISCH,0.814672085896208,undirected,KIAA1324L,NISCH,0.0000000000000357
382,KIAA1324L,NISCH,0.814672085896208,undirected,KIAA1324L,NISCH,0.0000000007713
383,KIAA1324L,PLA2G15,0.836175870350305,undirected,KIAA1324L,PLA2G15,0.0000000000000357
384,KIAA1324L,PLA2G15,0.836175870350305,undirected,KIAA1324L,PLA2G15,0.0000000007713
385,KIAA1324L,PPTC7,0.881660628366553,undirected,KIAA1324L,PPTC7,0.0000000000000357
386,KIAA1324L,PPTC7,0.881660628366553,undirected,KIAA1324L,PPTC7,0.0000000007713
387,KIAA1324L,PRKCD,0.805204152064991,undirected,KIAA1324L,PRKCD,0.0000000000000357
388,KIAA1324L,PRKCD,0.805204152064991,undirected,KIAA1324L,PRKCD,0.0000000007713
389,KIAA1324L,REEP2,0.934227844577806,undirected,KIAA1324L,REEP2,0.0000000000000357
390,KIAA1324L,REEP2,0.934227844577806,undirected,KIAA1324L,REEP2,0.0000000007713
391,KIAA1324L,SLC5A10,0.875620790727025,undirected,KIAA1324L,SLC5A10,0.0000000000000357
392,KIAA1324L,SLC5A10,0.875620790727025,undirected,KIAA1324L,SLC5A10,0.0000000007713
393,KIAA1324L,SLC6A11,0.776599235634234,undirected,KIAA1324L,SLC6A11,0.0000000000000357
394,KIAA1324L,SLC6A11,0.776599235634234,undirected,KIAA1324L,SLC6A11,0.0000000007713
395,KIAA1324L,TARS2,0.913584414487291,undirected,KIAA1324L,TARS2,0.0000000000000357
396,KIAA1324L,TARS2,0.913584414487291,undirected,KIAA1324L,TARS2,0.0000000007713
397,KIAA1324L,TKT,0.80327506812637,undirected,KIAA1324L,TKT,0.0000000000000357
398,KIAA1324L,TKT,0.80327506812637,undirected,KIAA1324L,TKT,0.0000000007713
399,KIAA1324L,TMX2,0.764106404955808,undirected,KIAA1324L,TMX2,0.0000000000000357
400,KIAA1324L,TMX2,0.764106404955808,undirected,KIAA1324L,TMX2,0.0000000007713
401,KIAA1324L,ZDHHC5,0.72391413942107,undirected,KIAA1324L,ZDHHC5,0.0000000000000357
402,KIAA1324L,ZDHHC5,0.72391413942107,undirected,KIAA1324L,ZDHHC5,0.0000000007713
403,KIF21A,MEI1,0.839381332483797,undirected,KIF21A,MEI1,0.00000000544
404,KIF21A,MYO15A,0.757102271071943,undirected,KIF21A,MYO15A,0.00000000544
405,KIF21A,NDRG4,0.840345229771583,undirected,KIF21A,NDRG4,0.00000000544
406,KIF21A,NLGN4X,0.918966211716709,undirected,KIF21A,NLGN4X,0.00000000544
407,KIF21A,PLA2G15,0.785758891481849,undirected,KIF21A,PLA2G15,0.00000000544
408,KIF21A,PLEKHO1,0.810295284040193,undirected,KIF21A,PLEKHO1,0.00000000544
409,KIF21A,SLC5A10,0.786820292858078,undirected,KIF21A,SLC5A10,0.00000000544
410,KIF21A,SLC6A11,0.81677138668191,undirected,KIF21A,SLC6A11,0.00000000544
411,KIF21A,TARS2,0.746656907864358,undirected,KIF21A,TARS2,0.00000000544
412,KIF21A,TSNARE1,0.710657554981794,undirected,KIF21A,TSNARE1,0.00000000544
413,KIF21A,TWF2,0.765320194943913,undirected,KIF21A,TWF2,0.00000000544
414,L3MBTL2,PPTC7,0.728002854917994,undirected,L3MBTL2,PPTC7,0.000000000000554
415,L3MBTL2,PRKCD,0.712705033065198,undirected,L3MBTL2,PRKCD,0.000000000000554
416,L3MBTL2,REEP2,0.71894776870363,undirected,L3MBTL2,REEP2,0.000000000000554
417,L3MBTL2,SLC45A1,0.922835498667247,undirected,L3MBTL2,SLC45A1,0.000000000000554
418,L3MBTL2,ST3GAL3,0.771641446008839,undirected,L3MBTL2,ST3GAL3,0.000000000000554
419,L3MBTL2,TARS2,0.71164118892032,undirected,L3MBTL2,TARS2,0.000000000000554
420,L3MBTL2,TMX2-CTNND1,0.71043104101198,undirected,L3MBTL2,TMX2-CTNND1,0.000000000000554
421,L3MBTL2,ZDHHC5,0.811771695598828,undirected,L3MBTL2,ZDHHC5,0.000000000000554
422,MEI1,MYO15A,0.795975242315253,undirected,MEI1,MYO15A,0.000000000000554
423,MEI1,MYO15A,0.795975242315253,undirected,MEI1,MYO15A,0.0000000000204
424,MEI1,NDRG4,0.954550319801355,undirected,MEI1,NDRG4,0.000000000000554
425,MEI1,NDRG4,0.954550319801355,undirected,MEI1,NDRG4,0.0000000000204
426,MEI1,NISCH,0.873246268240808,undirected,MEI1,NISCH,0.000000000000554
427,MEI1,NISCH,0.873246268240808,undirected,MEI1,NISCH,0.0000000000204
428,MEI1,NLGN4X,0.817434938940815,undirected,MEI1,NLGN4X,0.000000000000554
429,MEI1,NLGN4X,0.817434938940815,undirected,MEI1,NLGN4X,0.0000000000204
430,MEI1,NMB,0.839713153677286,undirected,MEI1,NMB,0.000000000000554
431,MEI1,NMB,0.839713153677286,undirected,MEI1,NMB,0.0000000000204
432,MEI1,PLA2G15,0.977209038689169,undirected,MEI1,PLA2G15,0.000000000000554
433,MEI1,PLA2G15,0.977209038689169,undirected,MEI1,PLA2G15,0.0000000000204
434,MEI1,PLEKHO1,0.732177465994767,undirected,MEI1,PLEKHO1,0.000000000000554
435,MEI1,PLEKHO1,0.732177465994767,undirected,MEI1,PLEKHO1,0.0000000000204
436,MEI1,PPTC7,0.743566354290853,undirected,MEI1,PPTC7,0.000000000000554
437,MEI1,PPTC7,0.743566354290853,undirected,MEI1,PPTC7,0.0000000000204
438,MEI1,REEP2,0.867913754916723,undirected,MEI1,REEP2,0.000000000000554
439,MEI1,REEP2,0.867913754916723,undirected,MEI1,REEP2,0.0000000000204
440,MEI1,SLC5A10,0.933124045428573,undirected,MEI1,SLC5A10,0.000000000000554
441,MEI1,SLC5A10,0.933124045428573,undirected,MEI1,SLC5A10,0.0000000000204
442,MEI1,SLC6A11,0.942523258744776,undirected,MEI1,SLC6A11,0.000000000000554
443,MEI1,SLC6A11,0.942523258744776,undirected,MEI1,SLC6A11,0.0000000000204
444,MEI1,ST3GAL3,0.772768721344185,undirected,MEI1,ST3GAL3,0.000000000000554
445,MEI1,ST3GAL3,0.772768721344185,undirected,MEI1,ST3GAL3,0.0000000000204
446,MEI1,TARS2,0.895042477887134,undirected,MEI1,TARS2,0.000000000000554
447,MEI1,TARS2,0.895042477887134,undirected,MEI1,TARS2,0.0000000000204
448,MEI1,TCF4,0.718851686545194,undirected,MEI1,TCF4,0.000000000000554
449,MEI1,TCF4,0.718851686545194,undirected,MEI1,TCF4,0.0000000000204
450,MEI1,TKT,0.889366621391956,undirected,MEI1,TKT,0.000000000000554
451,MEI1,TKT,0.889366621391956,undirected,MEI1,TKT,0.0000000000204
452,MEI1,TMX2,0.829912075730339,undirected,MEI1,TMX2,0.000000000000554
453,MEI1,TMX2,0.829912075730339,undirected,MEI1,TMX2,0.0000000000204
454,MOB4,TAOK2,0.705988787271264,undirected,MOB4,TAOK2,0.000000000000362
455,MOB4,THOC7,0.86216336524199,undirected,MOB4,THOC7,0.000000000000362
456,MOB4,USMG5,0.851573650279464,undirected,MOB4,USMG5,0.000000000000362
457,MRPS14,NDUFA6,0.721639574325771,undirected,MRPS14,NDUFA6,0.0000000237
458,MRPS14,SPCS1,0.782565428598212,undirected,MRPS14,SPCS1,0.0000000237
459,MRPS14,XPNPEP3,0.811729933053537,undirected,MRPS14,XPNPEP3,0.0000000237
460,MYO15A,NDRG4,0.815247317720194,undirected,MYO15A,NDRG4,0.0000000264
461,MYO15A,NISCH,0.773205020757917,undirected,MYO15A,NISCH,0.0000000264
462,MYO15A,NLGN4X,0.759376829792085,undirected,MYO15A,NLGN4X,0.0000000264
463,MYO15A,NMB,0.708781905428658,undirected,MYO15A,NMB,0.0000000264
464,MYO15A,PLA2G15,0.823141545922491,undirected,MYO15A,PLA2G15,0.0000000264
465,MYO15A,SLC6A11,0.809330140018682,undirected,MYO15A,SLC6A11,0.0000000264
466,MYO15A,TARS2,0.724972369221598,undirected,MYO15A,TARS2,0.0000000264
467,NDRG4,NISCH,0.915504685492921,undirected,NDRG4,NISCH,0.000000000225
468,NDRG4,NLGN4X,0.827894288720611,undirected,NDRG4,NLGN4X,0.000000000225
469,NDRG4,NMB,0.707795452695172,undirected,NDRG4,NMB,0.000000000225
470,NDRG4,PLA2G15,0.9518449971093,undirected,NDRG4,PLA2G15,0.000000000225
471,NDRG4,PLEKHO1,0.720957890013102,undirected,NDRG4,PLEKHO1,0.000000000225
472,NDRG4,PPTC7,0.787013170730546,undirected,NDRG4,PPTC7,0.000000000225
473,NDRG4,PRKCD,0.712655753679725,undirected,NDRG4,PRKCD,0.000000000225
474,NDRG4,REEP2,0.914870408722174,undirected,NDRG4,REEP2,0.000000000225
475,NDRG4,SLC5A10,0.894778682460509,undirected,NDRG4,SLC5A10,0.000000000225
476,NDRG4,SLC6A11,0.880107448004786,undirected,NDRG4,SLC6A11,0.000000000225
477,NDRG4,ST3GAL3,0.773865528818463,undirected,NDRG4,ST3GAL3,0.000000000225
478,NDRG4,TARS2,0.940670056624526,undirected,NDRG4,TARS2,0.000000000225
479,NDRG4,TKT,0.844787001268301,undirected,NDRG4,TKT,0.000000000225
480,NDRG4,TMX2,0.737426180800817,undirected,NDRG4,TMX2,0.000000000225
481,NDRG4,ZDHHC5,0.70500225551007,undirected,NDRG4,ZDHHC5,0.000000000225
482,NDUFA6,RBX1,0.775053976585403,undirected,NDUFA6,RBX1,0.0000000000000215
483,NDUFA6,RBX1,0.775053976585403,undirected,NDUFA6,RBX1,0.0000000000204
484,NDUFA6,SPCS1,0.767114342719851,undirected,NDUFA6,SPCS1,0.0000000000000215
485,NDUFA6,SPCS1,0.767114342719851,undirected,NDUFA6,SPCS1,0.0000000000204
486,NDUFA6,TMX2,0.734424816899319,undirected,NDUFA6,TMX2,0.0000000000000215
487,NDUFA6,TMX2,0.734424816899319,undirected,NDUFA6,TMX2,0.0000000000204
488,NDUFA6,XPNPEP3,0.73597950516814,undirected,NDUFA6,XPNPEP3,0.0000000000000215
489,NDUFA6,XPNPEP3,0.73597950516814,undirected,NDUFA6,XPNPEP3,0.0000000000204
490,NISCH,PLA2G15,0.909032062621988,undirected,NISCH,PLA2G15,0.00000000000271
491,NISCH,REEP2,0.909990918514782,undirected,NISCH,REEP2,0.00000000000271
492,NISCH,SLC5A10,0.795305321869336,undirected,NISCH,SLC5A10,0.00000000000271
493,NISCH,SLC6A11,0.737623141192941,undirected,NISCH,SLC6A11,0.00000000000271
494,NISCH,TARS2,0.820468298344243,undirected,NISCH,TARS2,0.00000000000271
495,NISCH,TKT,0.798596680990879,undirected,NISCH,TKT,0.00000000000271
496,NLGN4X,PLA2G15,0.800010435120251,undirected,NLGN4X,PLA2G15,0.0000000001781
497,NLGN4X,PLEKHO1,0.773557764680394,undirected,NLGN4X,PLEKHO1,0.0000000001781
498,NLGN4X,PPTC7,0.700485832201837,undirected,NLGN4X,PPTC7,0.0000000001781
499,NLGN4X,SLC5A10,0.806776446669964,undirected,NLGN4X,SLC5A10,0.0000000001781
500,NLGN4X,SLC6A11,0.849775464985317,undirected,NLGN4X,SLC6A11,0.0000000001781
501,NLGN4X,ST3GAL3,0.762945986434569,undirected,NLGN4X,ST3GAL3,0.0000000001781
502,NLGN4X,TARS2,0.804988819894621,undirected,NLGN4X,TARS2,0.0000000001781
503,NMB,PLA2G15,0.803741309908685,undirected,NMB,PLA2G15,0.000000000941
504,NMB,SLC5A10,0.763122651929427,undirected,NMB,SLC5A10,0.000000000941
505,NMB,SLC6A11,0.889884516418872,undirected,NMB,SLC6A11,0.000000000941
506,NMB,TMX2,0.789958546280747,undirected,NMB,TMX2,0.000000000941
507,NMB,TWF2,0.754155685328683,undirected,NMB,TWF2,0.000000000941
508,PLA2G15,REEP2,0.886586083369464,undirected,PLA2G15,REEP2,0.0000000356
509,PLA2G15,SLC5A10,0.91015171820648,undirected,PLA2G15,SLC5A10,0.0000000356
510,PLA2G15,SLC6A11,0.929822776380916,undirected,PLA2G15,SLC6A11,0.0000000356
511,PLA2G15,ST3GAL3,0.81192027852373,undirected,PLA2G15,ST3GAL3,0.0000000356
512,PLA2G15,TARS2,0.88575990129336,undirected,PLA2G15,TARS2,0.0000000356
513,PLA2G15,TKT,0.913664089216557,undirected,PLA2G15,TKT,0.0000000356
514,PLA2G15,TMX2,0.814707891895882,undirected,PLA2G15,TMX2,0.0000000356
515,PLEKHO1,PPTC7,0.800067597491618,undirected,PLEKHO1,PPTC7,0.00000000065
516,PLEKHO1,PRKCD,0.779423534390565,undirected,PLEKHO1,PRKCD,0.00000000065
517,PLEKHO1,SLC5A10,0.816368659956847,undirected,PLEKHO1,SLC5A10,0.00000000065
518,PLEKHO1,SLC6A11,0.784283354625603,undirected,PLEKHO1,SLC6A11,0.00000000065
519,PLEKHO1,TARS2,0.790623007950308,undirected,PLEKHO1,TARS2,0.00000000065
520,PLEKHO1,TCF4,0.850261929040163,undirected,PLEKHO1,TCF4,0.00000000065
521,PLEKHO1,TSNARE1,0.764743294725582,undirected,PLEKHO1,TSNARE1,0.00000000065
522,PLEKHO1,TWF2,0.832882155837019,undirected,PLEKHO1,TWF2,0.00000000065
523,PPTC7,PRKCD,0.893093928387417,undirected,PPTC7,PRKCD,0.0000000000000268
524,PPTC7,REEP2,0.789904746983361,undirected,PPTC7,REEP2,0.0000000000000268
525,PPTC7,SLC45A1,0.702717926985282,undirected,PPTC7,SLC45A1,0.0000000000000268
526,PPTC7,SLC5A10,0.856833051119276,undirected,PPTC7,SLC5A10,0.0000000000000268
527,PPTC7,ST3GAL3,0.733590081245641,undirected,PPTC7,ST3GAL3,0.0000000000000268
528,PPTC7,TARS2,0.888616576817068,undirected,PPTC7,TARS2,0.0000000000000268
529,PPTC7,TCF4,0.832850515885077,undirected,PPTC7,TCF4,0.0000000000000268
530,PPTC7,TKT,0.778186732148498,undirected,PPTC7,TKT,0.0000000000000268
531,PPTC7,TMX2,0.732942846500169,undirected,PPTC7,TMX2,0.0000000000000268
532,PPTC7,TSNARE1,0.714135760495218,undirected,PPTC7,TSNARE1,0.0000000000000268
533,PRKCD,SLC45A1,0.713011927729984,undirected,PRKCD,SLC45A1,0.00000000000271
534,PRKCD,SLC5A10,0.775165594862746,undirected,PRKCD,SLC5A10,0.00000000000271
535,PRKCD,TARS2,0.856704656716305,undirected,PRKCD,TARS2,0.00000000000271
536,PRKCD,TCF4,0.866899206736327,undirected,PRKCD,TCF4,0.00000000000271
537,PRKCD,TKT,0.736329296599122,undirected,PRKCD,TKT,0.00000000000271
538,PRKCD,TMX2-CTNND1,0.713182464616928,undirected,PRKCD,TMX2-CTNND1,0.00000000000271
539,RBX1,SEC11A,0.756736414200526,undirected,RBX1,SEC11A,0.000000000000554
540,RBX1,XPNPEP3,0.926082585328493,undirected,RBX1,XPNPEP3,0.000000000000554
541,REEP2,SLC5A10,0.831825579817875,undirected,REEP2,SLC5A10,0.000000000706
542,REEP2,SLC6A11,0.745408037256501,undirected,REEP2,SLC6A11,0.000000000706
543,REEP2,ST3GAL3,0.718794495247609,undirected,REEP2,ST3GAL3,0.000000000706
544,REEP2,TARS2,0.880805191084507,undirected,REEP2,TARS2,0.000000000706
545,REEP2,TKT,0.839403911496796,undirected,REEP2,TKT,0.000000000706
546,REEP2,TMX2,0.7738647187151,undirected,REEP2,TMX2,0.000000000706
547,REEP2,ZDHHC5,0.768989395867296,undirected,REEP2,ZDHHC5,0.000000000706
548,SEC11A,XPNPEP3,0.762868484852108,undirected,SEC11A,XPNPEP3,0.000000000941
549,SLC45A1,SLC5A10,0.72713936367336,undirected,SLC45A1,SLC5A10,0.000000003268
550,SLC45A1,ST3GAL3,0.857652096378714,undirected,SLC45A1,ST3GAL3,0.000000003268
551,SLC45A1,TARS2,0.739478197946878,undirected,SLC45A1,TARS2,0.000000003268
552,SLC45A1,TCF4,0.74622278235565,undirected,SLC45A1,TCF4,0.000000003268
553,SLC45A1,TKT,0.779677393119256,undirected,SLC45A1,TKT,0.000000003268
554,SLC45A1,TMX2-CTNND1,0.740008079304471,undirected,SLC45A1,TMX2-CTNND1,0.000000003268
555,SLC45A1,ZDHHC5,0.756190923724903,undirected,SLC45A1,ZDHHC5,0.000000003268
556,SLC5A10,SLC6A11,0.896973780533431,undirected,SLC5A10,SLC6A11,0.0000000147
557,SLC5A10,ST3GAL3,0.855990317576231,undirected,SLC5A10,ST3GAL3,0.0000000147
558,SLC5A10,TARS2,0.920640488487753,undirected,SLC5A10,TARS2,0.0000000147
559,SLC5A10,TCF4,0.865294547695577,undirected,SLC5A10,TCF4,0.0000000147
560,SLC5A10,TKT,0.926159162619532,undirected,SLC5A10,TKT,0.0000000147
561,SLC5A10,TMX2,0.813398527382542,undirected,SLC5A10,TMX2,0.0000000147
562,SLC6A11,ST3GAL3,0.753917534404806,undirected,SLC6A11,ST3GAL3,0.00000002
563,SLC6A11,TARS2,0.883360895477566,undirected,SLC6A11,TARS2,0.00000002
564,SLC6A11,TCF4,0.75918103120616,undirected,SLC6A11,TCF4,0.00000002
565,SLC6A11,TKT,0.850653018613533,undirected,SLC6A11,TKT,0.00000002
566,SLC6A11,TMX2,0.82479000409459,undirected,SLC6A11,TMX2,0.00000002
567,SLC6A11,TWF2,0.769937705205311,undirected,SLC6A11,TWF2,0.00000002
568,SPCS1,USMG5,0.756307903884047,undirected,SPCS1,USMG5,0.00000000000271
569,SPCS1,XPNPEP3,0.729372576938058,undirected,SPCS1,XPNPEP3,0.00000000000271
570,ST3GAL3,TARS2,0.793195083521278,undirected,ST3GAL3,TARS2,0.0000000000139
571,ST3GAL3,TCF4,0.818209368744959,undirected,ST3GAL3,TCF4,0.0000000000139
572,ST3GAL3,TKT,0.89153968307802,undirected,ST3GAL3,TKT,0.0000000000139
573,ST3GAL3,TMX2,0.748528797241951,undirected,ST3GAL3,TMX2,0.0000000000139
574,TAOK2,USMG5,0.706275470562671,undirected,TAOK2,USMG5,0.000000000000552
575,TAOK2,ZC3H7B,0.834197921448893,undirected,TAOK2,ZC3H7B,0.000000000000552
576,TARS2,TCF4,0.79815170567926,undirected,TARS2,TCF4,0.00000000065
577,TARS2,TKT,0.862982028182651,undirected,TARS2,TKT,0.00000000065
578,TARS2,TMX2,0.757523063025203,undirected,TARS2,TMX2,0.00000000065
579,TARS2,TMX2-CTNND1,0.709441701323081,undirected,TARS2,TMX2-CTNND1,0.00000000065
580,TARS2,ZDHHC5,0.754390625977478,undirected,TARS2,ZDHHC5,0.00000000065
581,TCF4,TKT,0.858023184421155,undirected,TCF4,TKT,0.000000000000475
582,TCF4,TKT,0.858023184421155,undirected,TCF4,TKT,0.000000000000503
583,TCF4,TKT,0.858023184421155,undirected,TCF4,TKT,0.0000000000161
584,TCF4,TKT,0.858023184421155,undirected,TCF4,TKT,0.00000000641
585,THOC7,USMG5,0.92954348318205,undirected,THOC7,USMG5,0.000000000139
586,TKT,TMX2,0.849062935197401,undirected,TKT,TMX2,0.00000000000271
587,TKT,TMX2,0.849062935197401,undirected,TKT,TMX2,0.0000000138
588,TMX2-CTNND1,ZDHHC5,0.760867411044894,undirected,TMX2-CTNND1,ZDHHC5,NA
